loja;pais;data;motivo;justificativa
Leela Co.;Brasil;2026-09-14;Achei outro aplicativo que me atende melhor;
RIHEN;Argentina;2026-09-13;uninstallReasons.i-am-testing-the-application;
RIHEN;Argentina;2026-09-13;;
Ateliê Algodão Doce;Brasil;2026-09-13;Difícil de configurar e/ou utilizar;
Golden Marval Accesorios;México;2026-09-10;Outros;
Loja da Lu;Brasil;2026-08-25;uninstallReasons.i-am-testing-the-application;
LucascheckoutAR;Argentina;2026-08-21;uninstallReasons.i-am-testing-the-application;
LucascheckoutAR;Argentina;2026-08-21;uninstallReasons.i-am-testing-the-application;
TIENDA DOMESTICA;Argentina;2026-09-23;Não tem as funcionalidades que eu preciso;
Estúdio Kakareco;Brasil;2026-09-21;Outros;
Dos Puntos;Chile;2026-09-19;Não tem as funcionalidades que eu preciso;
Nexora 3d Studio;Brasil;2026-09-19;Preços e Planos não condiz com meu momento;
Loja Debuteen | A Loja da Debutante;Brasil;2026-09-18;Difícil de configurar e/ou utilizar;
MiCake - Cake Shop and Dessert;México;2026-09-18;uninstallReasons.i-am-testing-the-application;
Mimo Studio;México;2026-09-18;Outros;
GOAT CLUB;Brasil;2026-09-16;uninstallReasons.i-am-testing-the-application;
GOAT CLUB;Brasil;2026-09-16;uninstallReasons.i-am-testing-the-application;
Papel e Propósito;Brasil;2026-09-16;Não tem as funcionalidades que eu preciso;Não opção de escolher estampa ou no meu caso capa
ESCORPIANNY;Brasil;2026-09-16;Outros;
La Nuestra;Argentina;2026-09-14;Preços e Planos não condiz com meu momento;
Temaki Studio;Brasil;2026-09-27;Outros;
Fanficaria Store;Brasil;2026-09-27;uninstallReasons.i-am-testing-the-application;
morihousestore;Brasil;2026-09-26;Achei outro aplicativo que me atende melhor;
Maifon Apple Store;Argentina;2026-09-25;uninstallReasons.i-am-testing-the-application;
EQV Tienda;Argentina;2026-09-24;Achei outro aplicativo que me atende melhor;
Emerc4dor Artesanatos;Brasil;2026-09-24;Outros;
Set & Go;México;2026-09-24;Não tem as funcionalidades que eu preciso;
Emerc4dor Artesanatos;Brasil;2026-09-24;uninstallReasons.i-am-testing-the-application;
María Candela Joyas;Argentina;2026-09-23;Instabilidade, lentidão e erros no aplicativo;
MSE_sports;Brasil;2026-09-23;Outros;
Cactus;Brasil;2026-09-23;Achei outro aplicativo que me atende melhor;
Kubik 3D Sta Catarina;México;2026-10-01;Instabilidade, lentidão e erros no aplicativo;
Kubik 3D Sta Catarina;México;2026-10-01;;
MSE_sports;Brasil;2026-09-30;Outros;
Eldaro;Brasil;2026-09-30;Outros;
Memorial Calice;Brasil;2026-09-30;Não tem as funcionalidades que eu preciso;
Memorial Calice;Brasil;2026-09-30;;
Cuia Sul;Brasil;2026-09-30;;
Cuia Sul;Brasil;2026-09-30;uninstallReasons.i-am-testing-the-application;
Manillas de identificación A tu ladoo;Colômbia;2026-09-29;Mudei as necessidades do meu negócio: Esse aplicativo não me atende mais;
Manillas de identificación A tu ladoo;Colômbia;2026-09-29;Difícil de configurar e/ou utilizar;
boneca3d;Brasil;2026-09-29;Outros;
Ateliê Artes Pop;Brasil;2026-09-28;Não tem as funcionalidades que eu preciso;
Thiemi Artes em Papel - Papelaria Personalizada;Brasil;2026-10-05;Outros;
Thiemi Artes em Papel - Papelaria Personalizada;Brasil;2026-10-05;;
Festarola;Brasil;2026-10-05;Preços e Planos não condiz com meu momento;
Lavie Lite;Brasil;2026-10-03;Difícil de configurar e/ou utilizar;
Roupas de Bebê e Recém-Nascido | Gigi Bambini;Brasil;2026-10-02;Outros;
qmatecito;Argentina;2026-10-02;uninstallReasons.i-am-testing-the-application;
Azul Clarito;México;2026-10-02;Não tem as funcionalidades que eu preciso;
Ferronnier - Cortes e Formas;Brasil;2026-10-02;uninstallReasons.i-am-testing-the-application;
Lavie Lite;Brasil;2026-10-02;Outros;
Vivencea;Brasil;2026-10-01;;
Vivencea;Brasil;2026-10-01;Outros;
Láser Mataderos;Argentina;2026-10-01;Não tem as funcionalidades que eu preciso;Necesito que una persona que quiere comprar pueda subir una imagen
