loja;pais;data;motivos;justificativas;linhas_originais;periodo;ultimo_commit_antes_do_dia;data_commit_anterior;assunto_commit_anterior;commits_no_mesmo_dia
LucascheckoutAR;Argentina;2026-08-21;Estava testando o aplicativo;;2;Até 22/09: experiência anterior aos novos gateways e à revisão visual;7ab2285;2026-08-20T21:44:21-03:00;chore: preparando hml, se tudo der certo =D;
Loja da Lu;Brasil;2026-08-25;Estava testando o aplicativo;;1;Até 22/09: experiência anterior aos novos gateways e à revisão visual;7ab2285;2026-08-20T21:44:21-03:00;chore: preparando hml, se tudo der certo =D;
Golden Marval Accesorios;México;2026-09-10;Outros;;1;Até 22/09: experiência anterior aos novos gateways e à revisão visual;66a8a8d;2026-09-01T23:59:32-03:00;chore: homologacao arquivos de faq e descrição;
Ateliê Algodão Doce;Brasil;2026-09-13;Difícil de configurar e/ou utilizar;;1;Até 22/09: experiência anterior aos novos gateways e à revisão visual;66a8a8d;2026-09-01T23:59:32-03:00;chore: homologacao arquivos de faq e descrição;
RIHEN;Argentina;2026-09-13;Estava testando o aplicativo;;2;Até 22/09: experiência anterior aos novos gateways e à revisão visual;66a8a8d;2026-09-01T23:59:32-03:00;chore: homologacao arquivos de faq e descrição;
La Nuestra;Argentina;2026-09-14;Preços e Planos não condiz com meu momento;;1;Até 22/09: experiência anterior aos novos gateways e à revisão visual;66a8a8d;2026-09-01T23:59:32-03:00;chore: homologacao arquivos de faq e descrição;
Leela Co.;Brasil;2026-09-14;Achei outro aplicativo que me atende melhor;;1;Até 22/09: experiência anterior aos novos gateways e à revisão visual;66a8a8d;2026-09-01T23:59:32-03:00;chore: homologacao arquivos de faq e descrição;
ESCORPIANNY;Brasil;2026-09-16;Outros;;1;Até 22/09: experiência anterior aos novos gateways e à revisão visual;66a8a8d;2026-09-01T23:59:32-03:00;chore: homologacao arquivos de faq e descrição;
GOAT CLUB;Brasil;2026-09-16;Estava testando o aplicativo;;2;Até 22/09: experiência anterior aos novos gateways e à revisão visual;66a8a8d;2026-09-01T23:59:32-03:00;chore: homologacao arquivos de faq e descrição;
Papel e Propósito;Brasil;2026-09-16;Não tem as funcionalidades que eu preciso;Não opção de escolher estampa ou no meu caso capa;1;Até 22/09: experiência anterior aos novos gateways e à revisão visual;66a8a8d;2026-09-01T23:59:32-03:00;chore: homologacao arquivos de faq e descrição;
Loja Debuteen | A Loja da Debutante;Brasil;2026-09-18;Difícil de configurar e/ou utilizar;;1;Até 22/09: experiência anterior aos novos gateways e à revisão visual;66a8a8d;2026-09-01T23:59:32-03:00;chore: homologacao arquivos de faq e descrição;
MiCake - Cake Shop and Dessert;México;2026-09-18;Estava testando o aplicativo;;1;Até 22/09: experiência anterior aos novos gateways e à revisão visual;66a8a8d;2026-09-01T23:59:32-03:00;chore: homologacao arquivos de faq e descrição;
Mimo Studio;México;2026-09-18;Outros;;1;Até 22/09: experiência anterior aos novos gateways e à revisão visual;66a8a8d;2026-09-01T23:59:32-03:00;chore: homologacao arquivos de faq e descrição;
Dos Puntos;Chile;2026-09-19;Não tem as funcionalidades que eu preciso;;1;Até 22/09: experiência anterior aos novos gateways e à revisão visual;66a8a8d;2026-09-01T23:59:32-03:00;chore: homologacao arquivos de faq e descrição;
Nexora 3d Studio;Brasil;2026-09-19;Preços e Planos não condiz com meu momento;;1;Até 22/09: experiência anterior aos novos gateways e à revisão visual;66a8a8d;2026-09-01T23:59:32-03:00;chore: homologacao arquivos de faq e descrição;
Estúdio Kakareco;Brasil;2026-09-21;Outros;;1;Até 22/09: experiência anterior aos novos gateways e à revisão visual;66a8a8d;2026-09-01T23:59:32-03:00;chore: homologacao arquivos de faq e descrição;
Cactus;Brasil;2026-09-23;Achei outro aplicativo que me atende melhor;;1;23–24/09: introdução de Mercado Pago/Efí e correções de checkout;66a8a8d;2026-09-01T23:59:32-03:00;chore: homologacao arquivos de faq e descrição;b419d8e 10:40 fix: removendo botao de upgrade de plano / b09ace0 10:41 feat: add premium temporario via backoffice / ed2025a 10:49 fix: junit erros / 2790383 11:21 fix: ajustando o botao de upgrade plano / fddd66a 11:27 feat: gerador de versao / fe17393 11:42 feat: RequestFilter UUID / d744674 17:18 feat: RequestFilter UUID / 437bb19 21:31 feat: Pagamento Via Mercado Pago / d6b7b2e 22:04 fix: render payment subscription without error / 23066e8 22:14 fix: use merchant Mercado Pago email for checkout / 9a15903 22:48 fix: clarify Mercado Pago payer email / f3d2612 22:56 feat: create Mercado Pago checkout without payer email / 3db0e60 23:12 fix: cancel pending Mercado Pago checkout
María Candela Joyas;Argentina;2026-09-23;Instabilidade, lentidão e erros no aplicativo;;1;23–24/09: introdução de Mercado Pago/Efí e correções de checkout;66a8a8d;2026-09-01T23:59:32-03:00;chore: homologacao arquivos de faq e descrição;b419d8e 10:40 fix: removendo botao de upgrade de plano / b09ace0 10:41 feat: add premium temporario via backoffice / ed2025a 10:49 fix: junit erros / 2790383 11:21 fix: ajustando o botao de upgrade plano / fddd66a 11:27 feat: gerador de versao / fe17393 11:42 feat: RequestFilter UUID / d744674 17:18 feat: RequestFilter UUID / 437bb19 21:31 feat: Pagamento Via Mercado Pago / d6b7b2e 22:04 fix: render payment subscription without error / 23066e8 22:14 fix: use merchant Mercado Pago email for checkout / 9a15903 22:48 fix: clarify Mercado Pago payer email / f3d2612 22:56 feat: create Mercado Pago checkout without payer email / 3db0e60 23:12 fix: cancel pending Mercado Pago checkout
MSE_sports;Brasil;2026-09-23;Outros;;1;23–24/09: introdução de Mercado Pago/Efí e correções de checkout;66a8a8d;2026-09-01T23:59:32-03:00;chore: homologacao arquivos de faq e descrição;b419d8e 10:40 fix: removendo botao de upgrade de plano / b09ace0 10:41 feat: add premium temporario via backoffice / ed2025a 10:49 fix: junit erros / 2790383 11:21 fix: ajustando o botao de upgrade plano / fddd66a 11:27 feat: gerador de versao / fe17393 11:42 feat: RequestFilter UUID / d744674 17:18 feat: RequestFilter UUID / 437bb19 21:31 feat: Pagamento Via Mercado Pago / d6b7b2e 22:04 fix: render payment subscription without error / 23066e8 22:14 fix: use merchant Mercado Pago email for checkout / 9a15903 22:48 fix: clarify Mercado Pago payer email / f3d2612 22:56 feat: create Mercado Pago checkout without payer email / 3db0e60 23:12 fix: cancel pending Mercado Pago checkout
TIENDA DOMESTICA;Argentina;2026-09-23;Não tem as funcionalidades que eu preciso;;1;23–24/09: introdução de Mercado Pago/Efí e correções de checkout;66a8a8d;2026-09-01T23:59:32-03:00;chore: homologacao arquivos de faq e descrição;b419d8e 10:40 fix: removendo botao de upgrade de plano / b09ace0 10:41 feat: add premium temporario via backoffice / ed2025a 10:49 fix: junit erros / 2790383 11:21 fix: ajustando o botao de upgrade plano / fddd66a 11:27 feat: gerador de versao / fe17393 11:42 feat: RequestFilter UUID / d744674 17:18 feat: RequestFilter UUID / 437bb19 21:31 feat: Pagamento Via Mercado Pago / d6b7b2e 22:04 fix: render payment subscription without error / 23066e8 22:14 fix: use merchant Mercado Pago email for checkout / 9a15903 22:48 fix: clarify Mercado Pago payer email / f3d2612 22:56 feat: create Mercado Pago checkout without payer email / 3db0e60 23:12 fix: cancel pending Mercado Pago checkout
Emerc4dor Artesanatos;Brasil;2026-09-24;Estava testando o aplicativo / Outros;;2;23–24/09: introdução de Mercado Pago/Efí e correções de checkout;5d2c8d7;2026-09-23T23:12:32-03:00;chore(release): 1.4.1;47fffa5 23:00 feat: Pagamento Via Efi / b1973f8 23:25 fix: Pagamento Via Efi / 48623c3 23:44 fix: Pagamento Via Efi layout / e2e609b 23:57 fix: Pagamento Via Efi layout
EQV Tienda;Argentina;2026-09-24;Achei outro aplicativo que me atende melhor;;1;23–24/09: introdução de Mercado Pago/Efí e correções de checkout;5d2c8d7;2026-09-23T23:12:32-03:00;chore(release): 1.4.1;47fffa5 23:00 feat: Pagamento Via Efi / b1973f8 23:25 fix: Pagamento Via Efi / 48623c3 23:44 fix: Pagamento Via Efi layout / e2e609b 23:57 fix: Pagamento Via Efi layout
Set & Go;México;2026-09-24;Não tem as funcionalidades que eu preciso;;1;23–24/09: introdução de Mercado Pago/Efí e correções de checkout;5d2c8d7;2026-09-23T23:12:32-03:00;chore(release): 1.4.1;47fffa5 23:00 feat: Pagamento Via Efi / b1973f8 23:25 fix: Pagamento Via Efi / 48623c3 23:44 fix: Pagamento Via Efi layout / e2e609b 23:57 fix: Pagamento Via Efi layout
Maifon Apple Store;Argentina;2026-09-25;Estava testando o aplicativo;;1;25–28/09: revisão visual, primeiro uso, Paddle e Patagonia;dea28e9;2026-09-24T23:59:24-03:00;chore(release): 1.5.3;811980a 00:20 fix: Pagamento Via Efi webhook / 448beb7 00:30 feat: Melhoria visual 2.0 / 78fbef9 00:52 feat: versionar CSS e refinar painel e checkout / 880c16f 01:03 fix: conciliar resposta de pagamento da assinatura Efi / 7c9662f 01:30 fix: corrige conciliação Efí e orienta primeiro uso / 6134b83 02:35 fix: reconcile pending payments safely and format BRL prices / d912b72 10:13 feat: notify confirmed payments and confirm subscription cancellation / 8173675 10:47 fix: expira tentativas pendentes da Efi / d6b48bb 16:04 feat: adiciona site institucional e visão operacional / 7c46462 16:41 chore: Removendo tag de pagamento efi do texto / e270cfc 17:18 fix: canal de suporte / 6b89a99 22:32 chore: DOCS
morihousestore;Brasil;2026-09-26;Achei outro aplicativo que me atende melhor;;1;25–28/09: revisão visual, primeiro uso, Paddle e Patagonia;6b89a99;2026-09-25T22:32:56-03:00;chore: DOCS;3401a2a 02:18 feat: add Paddle multigateway routing / 80c3191 02:24 chore: adicionando passo passo
Fanficaria Store;Brasil;2026-09-27;Estava testando o aplicativo;;1;25–28/09: revisão visual, primeiro uso, Paddle e Patagonia;80c3191;2026-09-26T02:24:34-03:00;chore: adicionando passo passo;095e80b 18:18 chore: paddle / bda70e5 20:10 fix: preserve Paddle catalog validation feedback / ccd4d59 20:13 test: mark Paddle catalog fixture as validated / f0e3d07 20:31 feat: save payment catalog prices without page reload / 460a175 20:36 fix: allow retry after Paddle checkout setup error / c11f549 22:26 fix: enable Paddle catalog setup for Brazil / 676a025 22:54 feat: manage Efi plan IDs from payment catalog / 0fe6a80 23:20 fix: hide payment integration errors from merchants / 5e14554 23:27 fix: preserve localized billing availability messages
Temaki Studio;Brasil;2026-09-27;Outros;;1;25–28/09: revisão visual, primeiro uso, Paddle e Patagonia;80c3191;2026-09-26T02:24:34-03:00;chore: adicionando passo passo;095e80b 18:18 chore: paddle / bda70e5 20:10 fix: preserve Paddle catalog validation feedback / ccd4d59 20:13 test: mark Paddle catalog fixture as validated / f0e3d07 20:31 feat: save payment catalog prices without page reload / 460a175 20:36 fix: allow retry after Paddle checkout setup error / c11f549 22:26 fix: enable Paddle catalog setup for Brazil / 676a025 22:54 feat: manage Efi plan IDs from payment catalog / 0fe6a80 23:20 fix: hide payment integration errors from merchants / 5e14554 23:27 fix: preserve localized billing availability messages
Ateliê Artes Pop;Brasil;2026-09-28;Não tem as funcionalidades que eu preciso;;1;25–28/09: revisão visual, primeiro uso, Paddle e Patagonia;4a6d7fc;2026-09-27T23:29:59-03:00;chore(release): 1.12.1;a4a6968 21:11 fix: sandbox patagonia / 83cf5ce 21:15 fix: sandbox patagonia / 1e6d335 23:06 doc: investigação patagonia
boneca3d;Brasil;2026-09-29;Outros;;1;29/09–01/10: métricas, vendas personalizadas e histórico de saídas;1e6d335;2026-09-28T23:06:41-03:00;doc: investigação patagonia;28a475c 00:51 feat: add storefront Grafana traffic metrics / 09807fc 02:03 feat: rank storefront traffic by store and list uninstalled stores / c67cb48 09:39 feat: prioritize configured products and track sold items / 3f9e6f5 09:59 fix: assign unique Flyway version to sales migration / c431cdc 10:23 fix: treat empty order ranges as no sales / 7892efa 11:27 feat: show sales values and sort configured products / c70b5f7 11:43 fix: limit sales report to personalized products / ac50d27 11:56 fix: align backoffice sales count with personalized orders
Manillas de identificación A tu ladoo;Colômbia;2026-09-29;Difícil de configurar e/ou utilizar / Mudei as necessidades do meu negócio: Esse aplicativo não me atende mais;;2;29/09–01/10: métricas, vendas personalizadas e histórico de saídas;1e6d335;2026-09-28T23:06:41-03:00;doc: investigação patagonia;28a475c 00:51 feat: add storefront Grafana traffic metrics / 09807fc 02:03 feat: rank storefront traffic by store and list uninstalled stores / c67cb48 09:39 feat: prioritize configured products and track sold items / 3f9e6f5 09:59 fix: assign unique Flyway version to sales migration / c431cdc 10:23 fix: treat empty order ranges as no sales / 7892efa 11:27 feat: show sales values and sort configured products / c70b5f7 11:43 fix: limit sales report to personalized products / ac50d27 11:56 fix: align backoffice sales count with personalized orders
Cuia Sul;Brasil;2026-09-30;Estava testando o aplicativo;;2;29/09–01/10: métricas, vendas personalizadas e histórico de saídas;eeb7ef8;2026-09-29T11:58:57-03:00;chore(release): 1.16.2;
Eldaro;Brasil;2026-09-30;Outros;;1;29/09–01/10: métricas, vendas personalizadas e histórico de saídas;eeb7ef8;2026-09-29T11:58:57-03:00;chore(release): 1.16.2;
Memorial Calice;Brasil;2026-09-30;Não tem as funcionalidades que eu preciso;;2;29/09–01/10: métricas, vendas personalizadas e histórico de saídas;eeb7ef8;2026-09-29T11:58:57-03:00;chore(release): 1.16.2;
MSE_sports;Brasil;2026-09-30;Outros;;1;29/09–01/10: métricas, vendas personalizadas e histórico de saídas;eeb7ef8;2026-09-29T11:58:57-03:00;chore(release): 1.16.2;
Kubik 3D Sta Catarina;México;2026-10-01;Instabilidade, lentidão e erros no aplicativo;;2;29/09–01/10: métricas, vendas personalizadas e histórico de saídas;eeb7ef8;2026-09-29T11:58:57-03:00;chore(release): 1.16.2;add0e0f 00:19 feat: preserve uninstall history and add winback flow / 6251864 19:07 docs: document SQS SES and Patagonia release steps / b3fcff2 19:13 feat: restrict winback flow during testing / 07b9256 19:31 fix: enforce winback allow list before publishing / bed3bca 19:41 fix: keep winback properties bindable / 8526960 21:28 fix: preserve applied Flyway migrations / 1e6d294 21:35 fix: restore sales schema expected by application
Láser Mataderos;Argentina;2026-10-01;Não tem as funcionalidades que eu preciso;Necesito que una persona que quiere comprar pueda subir una imagen;1;29/09–01/10: métricas, vendas personalizadas e histórico de saídas;eeb7ef8;2026-09-29T11:58:57-03:00;chore(release): 1.16.2;add0e0f 00:19 feat: preserve uninstall history and add winback flow / 6251864 19:07 docs: document SQS SES and Patagonia release steps / b3fcff2 19:13 feat: restrict winback flow during testing / 07b9256 19:31 fix: enforce winback allow list before publishing / bed3bca 19:41 fix: keep winback properties bindable / 8526960 21:28 fix: preserve applied Flyway migrations / 1e6d294 21:35 fix: restore sales schema expected by application
Vivencea;Brasil;2026-10-01;Outros;;2;29/09–01/10: métricas, vendas personalizadas e histórico de saídas;eeb7ef8;2026-09-29T11:58:57-03:00;chore(release): 1.16.2;add0e0f 00:19 feat: preserve uninstall history and add winback flow / 6251864 19:07 docs: document SQS SES and Patagonia release steps / b3fcff2 19:13 feat: restrict winback flow during testing / 07b9256 19:31 fix: enforce winback allow list before publishing / bed3bca 19:41 fix: keep winback properties bindable / 8526960 21:28 fix: preserve applied Flyway migrations / 1e6d294 21:35 fix: restore sales schema expected by application
Azul Clarito;México;2026-10-02;Não tem as funcionalidades que eu preciso;;1;02–05/10: Ultra, cupons, revisão dos planos e GA4;75a64eb;2026-10-01T21:50:15-03:00;chore(release): 1.18.0;9e90ffb 21:23 feat: add Ultra upgrades, local homologation and merchant lifecycle tools / 180c54b 22:24 feat: manage upgrade coupons and improve merchant upgrade layout / b4a6261 23:12 feat: notify Discord when EFI plan upgrades complete
Ferronnier - Cortes e Formas;Brasil;2026-10-02;Estava testando o aplicativo;;1;02–05/10: Ultra, cupons, revisão dos planos e GA4;75a64eb;2026-10-01T21:50:15-03:00;chore(release): 1.18.0;9e90ffb 21:23 feat: add Ultra upgrades, local homologation and merchant lifecycle tools / 180c54b 22:24 feat: manage upgrade coupons and improve merchant upgrade layout / b4a6261 23:12 feat: notify Discord when EFI plan upgrades complete
Lavie Lite;Brasil;2026-10-02;Outros;;1;02–05/10: Ultra, cupons, revisão dos planos e GA4;75a64eb;2026-10-01T21:50:15-03:00;chore(release): 1.18.0;9e90ffb 21:23 feat: add Ultra upgrades, local homologation and merchant lifecycle tools / 180c54b 22:24 feat: manage upgrade coupons and improve merchant upgrade layout / b4a6261 23:12 feat: notify Discord when EFI plan upgrades complete
qmatecito;Argentina;2026-10-02;Estava testando o aplicativo;;1;02–05/10: Ultra, cupons, revisão dos planos e GA4;75a64eb;2026-10-01T21:50:15-03:00;chore(release): 1.18.0;9e90ffb 21:23 feat: add Ultra upgrades, local homologation and merchant lifecycle tools / 180c54b 22:24 feat: manage upgrade coupons and improve merchant upgrade layout / b4a6261 23:12 feat: notify Discord when EFI plan upgrades complete
Roupas de Bebê e Recém-Nascido | Gigi Bambini;Brasil;2026-10-02;Outros;;1;02–05/10: Ultra, cupons, revisão dos planos e GA4;75a64eb;2026-10-01T21:50:15-03:00;chore(release): 1.18.0;9e90ffb 21:23 feat: add Ultra upgrades, local homologation and merchant lifecycle tools / 180c54b 22:24 feat: manage upgrade coupons and improve merchant upgrade layout / b4a6261 23:12 feat: notify Discord when EFI plan upgrades complete
Lavie Lite;Brasil;2026-10-03;Difícil de configurar e/ou utilizar;;1;02–05/10: Ultra, cupons, revisão dos planos e GA4;1a94474;2026-10-02T23:14:41-03:00;chore(release): 1.21.0;cb6a7f5 13:02 feat: manage versioned plan limits and improve revenue reports / d2007fb 13:30 fix: display timestamps in the user's browser timezone / 7271d9c 14:18 feat: redesign merchant billing plan comparison
Festarola;Brasil;2026-10-05;Preços e Planos não condiz com meu momento;;1;02–05/10: Ultra, cupons, revisão dos planos e GA4;60facd8;2026-10-03T14:21:53-03:00;chore(release): 1.23.0;5d443ef 10:04 feat: track purchase and upgrade funnels in GA4
Thiemi Artes em Papel - Papelaria Personalizada;Brasil;2026-10-05;Outros;;2;02–05/10: Ultra, cupons, revisão dos planos e GA4;60facd8;2026-10-03T14:21:53-03:00;chore(release): 1.23.0;5d443ef 10:04 feat: track purchase and upgrade funnels in GA4
